Date,pkr_to_oneDollar,Gold_Price_In_Dolars,Petrol_Price,Year,Month,lag_1,lag_2,lag_3,rolling_mean_3,diff_1
2016-10-01,104.505,125.31999969482422,81.33,2016,10,104.605,104.7,104.75,104.60333333333334,-0.10000000000000853
2016-11-01,104.73,122.8000030517578,82.1,2016,11,104.505,104.605,104.7,104.61333333333334,0.22500000000000853
2016-12-01,104.8,111.11000061035156,83.25,2016,12,104.73,104.505,104.605,104.67833333333333,0.06999999999999318
2017-01-01,104.795,109.62000274658205,85.23,2017,1,104.8,104.73,104.505,104.77499999999999,-0.0049999999999954525
2017-02-01,104.75,114.66000366210938,87.92,2017,2,104.795,104.8,104.73,104.78166666666665,-0.045000000000001705
2017-03-01,104.785,117.9800033569336,89.1,2017,3,104.75,104.795,104.8,104.77666666666666,0.03499999999999659
2017-04-01,104.81,118.69000244140624,88.41,2017,4,104.785,104.75,104.795,104.78166666666665,0.025000000000005684
2017-05-01,104.7,120.20999908447266,86.4,2017,5,104.81,104.785,104.75,104.76499999999999,-0.10999999999999943
2017-06-01,104.755,120.16999816894533,84.53,2017,6,104.7,104.81,104.785,104.755,0.05499999999999261
2017-07-01,104.86,116.54000091552734,83.25,2017,7,104.755,104.7,104.81,104.77166666666666,0.10500000000000398
2017-08-01,105.335,120.44000244140624,82.1,2017,8,104.86,104.755,104.7,104.98333333333333,0.4749999999999943
2017-09-01,105.1,126.01000213623048,84.53,2017,9,105.335,104.86,104.755,105.09833333333331,-0.23499999999999943
2017-10-01,105.3,121.16999816894533,87.8,2017,10,105.1,105.335,104.86,105.24499999999999,0.20000000000000284
2017-11-01,105.2,120.9800033569336,89.1,2017,11,105.3,105.1,105.335,105.2,-0.09999999999999432
2017-12-01,105.375,120.94000244140624,90.35,2017,12,105.2,105.3,105.1,105.29166666666667,0.17499999999999716
2018-01-01,110.7,124.66000366210938,92.0,2018,1,105.375,105.2,105.3,107.09166666666665,5.325000000000003
2018-02-01,110.755,127.18000030517578,94.25,2018,2,110.7,105.375,105.2,108.94333333333333,0.05499999999999261
2018-03-01,110.76,124.1500015258789,96.0,2018,3,110.755,110.7,105.375,110.73833333333334,0.005000000000009663
2018-04-01,115.725,126.6500015258789,97.8,2018,4,110.76,110.755,110.7,112.41333333333334,4.964999999999989
2018-05-01,115.77,123.9000015258789,99.99,2018,5,115.725,110.76,110.755,114.085,0.045000000000001705
2018-06-01,115.785,122.58000183105467,101.79,2018,6,115.77,115.725,110.76,115.75999999999999,0.015000000000000568
2018-07-01,121.715,118.18000030517578,103.27,2018,7,115.785,115.77,115.725,117.75666666666666,5.930000000000007
2018-08-01,123.6,115.62999725341795,104.5,2018,8,121.715,115.785,115.77,120.36666666666667,1.884999999999991
2018-09-01,123.51,112.75,106.72,2018,9,123.6,121.715,115.785,122.94166666666666,-0.0899999999999892
2018-10-01,123.4,112.4000015258789,108.45,2018,10,123.51,123.6,121.715,123.50333333333333,-0.10999999999999943
2018-11-01,133.7,116.33000183105467,106.72,2018,11,123.4,123.51,123.6,126.87,10.299999999999983
2018-12-01,139.15,116.5999984741211,101.57,2018,12,133.7,123.4,123.51,132.08333333333334,5.450000000000017
2019-01-01,139.85,121.3499984741211,95.33,2019,1,139.15,133.7,123.4,137.5666666666667,0.6999999999999886
2019-02-01,139.525,124.88999938964844,94.13,2019,2,139.85,139.15,133.7,139.50833333333333,-0.32499999999998863
2019-03-01,138.625,123.4800033569336,92.89,2019,3,139.525,139.85,139.15,139.33333333333334,-0.9000000000000057
2019-04-01,140.85,122.4000015258789,96.0,2019,4,138.625,139.525,139.85,139.66666666666666,2.2249999999999943
2019-05-01,141.3,121.02999877929688,98.55,2019,5,140.85,138.625,139.525,140.25833333333333,0.45000000000001705
2019-06-01,147.6,124.08999633789062,99.99,2019,6,141.3,140.85,138.625,143.25,6.299999999999983
2019-07-01,161.59,131.55999755859375,100.84,2019,7,147.6,141.3,140.85,150.16333333333333,13.990000000000009
2019-08-01,160.5,132.4199981689453,99.1,2019,8,161.59,147.6,141.3,156.56333333333336,-1.0900000000000034
2019-09-01,156.0,144.9600067138672,96.0,2019,9,160.5,161.59,147.6,159.36333333333334,-4.5
2019-10-01,156.15,138.07000732421875,95.33,2019,10,156.0,160.5,161.59,157.54999999999998,0.15000000000000568
2019-11-01,154.46,142.2100067138672,97.2,2019,11,156.15,156.0,160.5,155.53666666666666,-1.6899999999999977
2019-12-01,154.75,137.32000732421875,99.99,2019,12,154.46,156.15,156.0,155.12,0.28999999999999204
2020-01-01,154.6,143.86000061035156,106.0,2020,1,154.75,154.46,156.15,154.60333333333332,-0.15000000000000568
2020-02-01,154.02,148.66000366210938,104.5,2020,2,154.6,154.75,154.46,154.45666666666668,-0.5799999999999841
2020-03-01,153.83,150.0,98.55,2020,3,154.02,154.6,154.75,154.15,-0.18999999999999773
2020-04-01,165.19,148.1999969482422,85.0,2020,4,153.83,154.02,154.6,157.68,11.359999999999985
2020-05-01,160.0,158.0,81.0,2020,5,165.19,153.83,154.02,159.67333333333332,-5.189999999999998
2020-06-01,163.25,162.9199981689453,76.0,2020,6,160.0,165.19,153.83,162.81333333333333,3.25
2020-07-01,167.2,167.0500030517578,100.1,2020,7,163.25,160.0,165.19,163.48333333333332,3.9499999999999886
2020-08-01,166.23,185.0500030517578,103.27,2020,8,167.2,163.25,160.0,165.55999999999997,-0.9699999999999989
2020-09-01,165.02,186.9900054931641,104.5,2020,9,166.23,167.2,163.25,166.15,-1.2099999999999795
2020-10-01,164.32,178.7100067138672,106.72,2020,10,165.02,166.23,167.2,165.19,-0.700000000000017
2020-11-01,159.65,177.4499969482422,107.97,2020,11,164.32,165.02,166.23,162.99666666666667,-4.6699999999999875
2020-12-01,159.09,169.75999450683594,109.13,2020,12,159.65,164.32,165.02,161.02,-0.5600000000000023
2021-01-01,159.8,181.97000122070312,111.19,2021,1,159.09,159.65,164.32,159.51333333333335,0.710000000000008
2021-02-01,160.0,175.02000427246094,112.65,2021,2,159.8,159.09,159.65,159.63,0.19999999999998863
2021-03-01,158.45,163.02999877929688,114.1,2021,3,160.0,159.8,159.09,159.41666666666666,-1.5500000000000114
2021-04-01,151.72,161.55999755859375,117.0,2021,4,158.45,160.0,159.8,156.72333333333333,-6.72999999999999
2021-05-01,152.85,167.61000061035156,118.55,2021,5,151.72,158.45,160.0,154.34,1.1299999999999955
2021-06-01,154.25,178.75999450683594,119.9,2021,6,152.85,151.72,158.45,152.94,1.4000000000000057
2021-07-01,157.8,166.64999389648438,120.5,2021,7,154.25,152.85,151.72,154.96666666666667,3.5500000000000114
2021-08-01,163.25,169.3000030517578,121.0,2021,8,157.8,154.25,152.85,158.43333333333334,5.449999999999989
2021-09-01,166.5,169.94000244140625,123.0,2021,9,163.25,157.8,154.25,162.51666666666668,3.25
2021-10-01,169.75,164.27000427246094,128.0,2021,10,166.5,163.25,157.8,166.5,3.25
2021-11-01,171.24,167.3800048828125,137.0,2021,11,169.75,166.5,163.25,169.16333333333333,1.490000000000009
2021-12-01,174.98,166.83999633789062,144.0,2021,12,171.24,169.75,166.5,171.99,3.7399999999999807
2022-01-01,176.27,168.86000061035156,147.83,2022,1,174.98,171.24,169.75,174.16333333333333,1.2900000000000205
2022-02-01,176.0,168.57000732421875,159.86,2022,2,176.27,174.98,171.24,175.75,-0.27000000000001023
2022-03-01,177.25,179.0500030517578,149.86,2022,3,176.0,176.27,174.98,176.50666666666666,1.25
2022-04-01,183.9,179.5500030517578,149.86,2022,4,177.25,176.0,176.27,179.04999999999998,6.650000000000006
2022-05-01,185.4,173.61000061035156,149.86,2022,5,183.9,177.25,176.0,182.1833333333333,1.5
2022-06-01,197.5,172.2100067138672,233.89,2022,6,185.4,183.9,177.25,188.9333333333333,12.099999999999994
2022-07-01,206.5,167.17999267578125,236.0,2022,7,197.5,185.4,183.9,196.4666666666667,9.0
2022-08-01,239.2,164.97999572753906,235.98,2022,8,206.5,197.5,185.4,214.4,32.69999999999999
2022-09-01,217.7,158.1699981689453,237.43,2022,9,239.2,206.5,197.5,221.13333333333333,-21.5
2022-10-01,229.0,155.44000244140625,224.8,2022,10,217.7,239.2,206.5,228.63333333333333,11.300000000000011
2022-11-01,220.1,153.82000732421875,214.8,2022,11,229.0,217.7,239.2,222.26666666666665,-8.900000000000006
2022-12-01,224.25,167.47999572753906,214.8,2022,12,220.1,229.0,217.7,224.45000000000002,4.150000000000006
2023-01-01,226.5,171.32000732421875,249.8,2023,1,224.25,220.1,229.0,223.61666666666667,2.25
2023-02-01,266.5,179.75,269.8,2023,2,226.5,224.25,220.1,239.08333333333334,40.0
2023-03-01,261.0,170.9499969482422,272.0,2023,3,266.5,226.5,224.25,251.33333333333334,-5.5
2023-04-01,284.5,183.8500061035156,282.0,2023,4,261.0,266.5,226.5,270.6666666666667,23.5
2023-05-01,283.22,186.0500030517578,281.0,2023,5,284.5,261.0,266.5,276.24,-1.2799999999999727
2023-06-01,285.0,182.80999755859372,262.0,2023,6,283.22,284.5,261.0,284.24,1.7799999999999727
2023-07-01,286.0,178.61000061035156,253.0,2023,7,285.0,283.22,284.5,284.74,1.0
2023-08-01,286.65,180.8500061035156,272.0,2023,8,286.0,285.0,283.22,285.8833333333333,0.6499999999999773
2023-09-01,305.5,180.8000030517578,283.38,2023,9,286.65,286.0,285.0,292.71666666666664,18.850000000000023
2023-10-01,288.3,170.22999572753906,283.38,2023,10,305.5,286.65,286.0,293.48333333333335,-17.19999999999999
2023-11-01,280.75,183.91000366210935,281.38,2023,11,288.3,305.5,286.65,291.51666666666665,-7.550000000000011
2023-12-01,284.96,188.80999755859372,267.34,2023,12,280.75,288.3,305.5,284.67,4.2099999999999795
2024-01-01,278.981,191.44000244140625,259.34,2024,1,284.96,280.75,288.3,281.5636666666667,-5.978999999999985
