Inflation_YoY,Oil_Price_USD_Barrel,Exchange_Rate_PKR_USD,Interest_Rate,Money_Supply_M2_Billion,Date,date_numeric
4.69,41.65,104.7339757,6.84,12918.52156,2016-11-01,1477958400000000
4.08,47.12,104.6901173,7.001966187,13292.21032,2016-12-01,1480550400000000
4.53,48.19,104.7449461,7.087075526,13085.13376,2017-01-01,1483228800000000
5.04,49.41,104.7449461,6.954795592,13136.66106,2017-02-01,1485907200000000
6.14,46.39,104.7449461,6.929514083,13339.3705,2017-03-01,1488326400000000
6.91,47.23,104.7120419,6.897013979,13483.24336,2017-04-01,1491004800000000
6.36,45.19,104.7559187,6.934655473,13822.467,2017-05-01,1493596800000000
6.54,42.17,104.7888505,7.06736679,14394.70836,2017-06-01,1496275200000000
3.86,43.42,105.3185887,7.03,14170.40734,2017-07-01,1498867200000000
4.39,44.96,105.2631579,6.86353426,14306.36211,2017-08-01,1501545600000000
4.66,47.17,105.3296819,6.916848988,14339.76799,2017-09-01,1504224000000000
4.83,49.12,104.7339757,7.0074035,14427.17048,2017-10-01,1506816000000000
5.03,55.19,105.3962901,7.068242875,14507.57855,2017-11-01,1509494400000000
5.61,56.98,110.3022281,7.044225672,14737.60464,2017-12-01,1512086400000000
5.24,62.25,110.4240283,7.105379478,14606.13439,2018-01-01,1514764800000000
4.46,61.18,110.4484206,7.012586569,14792.52211,2018-02-01,1517443200000000
3.59,60.68,115.1675688,6.996710627,15099.89265,2018-03-01,1519862400000000
3.96,63.5,115.4601085,7.218133333,15148.61798,2018-04-01,1522540800000000
4.98,66.16,115.446779,7.155061248,15431.48286,2018-05-01,1525132800000000
5.67,62.8,121.2856277,7.44635493,15763.26836,2018-06-01,1527811200000000
6.66,67.0,123.4263145,7.721630621,15606.76347,2018-07-01,1530403200000000
6.17,62.64,124.0079365,7.94035909,15792.08627,2018-08-01,1533081600000000
5.42,63.54,124.1156758,8.116806834,15791.35633,2018-09-01,1535760000000000
6.5,65.18,132.2751323,8.81,15833.04866,2018-10-01,1538352000000000
5.66,55.65,138.121547,9.13,16066.64883,2018-11-01,1541030400000000
5.37,47.63,138.6577926,9.727755076,16352.71875,2018-12-01,1543622400000000
5.55,48.0,138.3125864,10.66,16201.9335,2019-01-01,1546300800000000
6.75,52.6,138.9274799,10.51234455,16321.33767,2019-02-01,1548979200000000
8.64,57.46,140.3705783,10.66627206,16523.64338,2019-03-01,1551398400000000
8.27,63.0,141.2628902,11.17629638,16482.61212,2019-04-01,1554076800000000
8.42,59.73,147.7541371,11.60068876,16801.40307,2019-05-01,1556668800000000
8.04,54.34,162.022035,12.43066906,17459.54863,2019-06-01,1559347200000000
8.38,56.47,159.6169194,13.25640839,17391.7318,2019-07-01,1561939200000000
10.49,53.63,156.8627451,13.09499452,17430.03635,2019-08-01,1564617600000000
11.38,55.14,156.1767921,13.51398671,17585.87816,2019-09-01,1567296000000000
11.04,53.14,155.6178027,13.6717359,17720.63914,2019-10-01,1569888000000000
12.67,54.96,155.2072016,13.84446731,17778.92797,2019-11-01,1572566400000000
12.63,58.41,154.7987616,13.84111783,18349.49434,2019-12-01,1575158400000000
14.56,56.55,154.3924656,13.75980265,18191.70453,2020-01-01,1577836800000000
12.4,49.66,154.1307028,13.0955927,18413.61573,2020-02-01,1580515200000000
10.24,31.01,165.9200265,12.69297907,19064.23146,2020-03-01,1583020800000000
8.52,15.18,160.8492842,11.24093303,19286.81553,2020-04-01,1585699200000000
8.23,18.02,162.2849724,10.23715292,19854.19552,2020-05-01,1588291200000000
8.59,33.81,167.8133915,9.604043493,20659.88532,2020-06-01,1590969600000000
9.3,37.44,166.9170422,8.228989024,20530.20177,2020-07-01,1593561600000000
8.21,39.37,166.3893511,7.508474971,20518.91429,2020-08-01,1596240000000000
9.03,36.82,165.645188,7.843972974,20743.36006,2020-09-01,1598918400000000
8.91,36.39,160.2564103,8.019631802,20811.42132,2020-10-01,1601510400000000
8.35,38.25,159.1849729,8.092228239,21063.27804,2020-11-01,1604188800000000
7.98,43.92,159.7699313,8.097568508,21604.28249,2020-12-01,1606780800000000
5.7,49.47,160.0,7.837876889,21429.4806,2021-01-01,1609459200000000
8.7,56.44,158.0527896,7.671923811,21682.94599,2021-02-01,1612137600000000
9.1,60.43,152.5320317,7.696861604,21985.338,2021-03-01,1614556800000000
11.1,59.87,153.4683855,8.018434005,22212.66124,2021-04-01,1617235200000000
10.86176628,62.8,154.17823,8.12,22475.74969,2021-05-01,1619827200000000
9.655669291,68.58,157.3316551,8.194088474,23722.36643,2021-06-01,1622505600000000
8.405968385,70.12,161.6292226,8.13,23565.26264,2021-07-01,1625097600000000
8.353519783,65.68,165.8374793,7.58343797,23523.01199,2021-08-01,1627776000000000
8.979178716,69.09,170.2997275,7.909529203,23904.15209,2021-09-01,1630454400000000
9.2,78.51,171.6443529,8.236,23646.40983,2021-10-01,1633046400000000
11.5,76.45,175.7469244,8.698,23932.94448,2021-11-01,1635724800000000
12.28169814,70.56,176.5225066,9.669,24719.27074,2021-12-01,1638316800000000
12.96243597,80.33,176.5536723,10.78,24210.80122,2022-01-01,1640995200000000
12.24404221,89.41,177.0538244,10.34,24176.07038,2022-02-01,1643673600000000
12.7,107.07,182.9156759,10.59,24726.56517,2022-03-01,1646092800000000
13.37790337,103.34,185.4599407,11.87,25155.23257,2022-04-01,1648771200000000
13.8,108.29,198.8466892,12.91,25633.67481,2022-05-01,1651363200000000
21.3,113.77,204.624514,13.63,26798.39537,2022-06-01,1654041600000000
24.9,100.84,239.9232246,15.01,26799.83981,2022-07-01,1656633600000000
27.3,93.76,218.9621196,15.22,26893.80505,2022-08-01,1659312000000000
23.2,84.62,228.3798505,15.22,27261.36837,2022-09-01,1661990400000000
26.6,86.61,221.1900022,15.98,27295.51679,2022-10-01,1664582400000000
23.8,84.43,223.6862237,15.78,27386.92451,2022-11-01,1667260800000000
24.5,76.45,226.2999973,16.42,27335.2108,2022-12-01,1669852800000000
27.6,75.71,267.9035954,17.09,27292.46568,2023-01-01,1672531200000000
31.5,74.32,260.5617398,17.84,27877.50745,2023-02-01,1675209600000000
35.4,72.09,283.5837614,17.98,28732.3951,2023-03-01,1677628800000000
36.4,77.23,283.5665526,20.15,29433.28189,2023-04-01,1680307200000000
38.0,70.14,285.2310229,20.17255938,29858.75477,2023-05-01,1682899200000000
29.4,68.59,286.1379334,20.36,31275.36686,2023-06-01,1685577600000000
28.3,74.07,286.3289932,21.46,30958.66778,2023-07-01,1688169600000000
27.4,79.78,304.8469135,21.07,31208.77418,2023-08-01,1690848000000000
31.4,87.96,287.8848553,20.17,31429.98828,2023-09-01,1693526400000000
26.8,84.65,280.8483079,19.87,31722.36655,2023-10-01,1696118400000000
29.2,77.46,280.8483079,21.10971669,31999.69083,2023-11-01,1698796800000000
29.7,71.01,281.7521263,21.0,32593.93099,2023-12-01,1701388800000000
28.3,72.3,279.3289847,20.97,32466.43759,2024-01-01,1704067200000000
23.1,75.02,278.9565241,20.46,32997.32538,2024-02-01,1706745600000000
20.7,79.04,277.9879676,20.74912792,33749.50575,2024-03-01,1709251200000000
17.3,83.21,278.3341368,21.04612237,34129.82138,2024-04-01,1711929600000000
11.8,78.21,278.4000018,20.77541269,34842.96418,2024-05-01,1714521600000000
12.6,77.38,278.3327423,20.16154323,36492.05554,2024-06-01,1717200000000000
11.1,79.11,278.5913419,19.31385907,36038.25655,2024-07-01,1719792000000000
9.6,75.0,278.5361699,19.04,36314.55864,2024-08-01,1722470400000000
6.9,68.75,277.6517547,18.34,36741.32109,2024-09-01,1725148800000000
7.2,70.45,277.7931336,15.34,36771.43449,2024-10-01,1727740800000000
4.9,68.24,277.9293265,14.82,36911.56995,2024-11-01,1730419200000000
4.1,68.1,278.4431021,13.94,37018.62871,2024-12-01,1733011200000000
2.4,73.15,278.8403143,12.74,36905.22739,2025-01-01,1735689600000000
1.5,70.1,279.6620787,12.41,37321.38561,2025-02-01,1738368000000000
0.7,67.07,280.1931203,12.39,38716.70135,2025-03-01,1740787200000000
0.3,62.01,280.9965148,12.77,38757.42795,2025-04-01,1743465600000000
3.5,59.91,282.0137814,12.24,39464.80716,2025-05-01,1746057600000000
3.2,65.33,283.7285909,11.66,41785.62623,2025-06-01,1748736000000000
4.1,64.01,282.9446617,11.0,41207.67951,2025-07-01,1751328000000000
